{
  "version": "1.0",
  "defaultProvider": "cdnjs",
  "libraries": [
    {
      "library": "jquery@3.4.1",
      "files": [
        "jquery.min.js",
        "jquery.js",
        "jquery.min.map"
      ],
      "destination": "wwwroot/lib/jquery/"
    },
    {
      "provider": "unpkg",
      "library": "bootstrap@5.0.0-alpha1",
      "destination": "wwwroot/lib/bootstrap/"
    },
    {
      "library": "font-awesome@5.14.0",
      "destination": "wwwroot/lib/font-awesome/"
    },
    {
      "library": "jquery-validate@1.19.1",
      "destination": "wwwroot/lib/jquery-validation",
      "files": [ "jquery.validate.min.js" ]
    },
    {
      "library": "jquery-validation-unobtrusive@3.2.11",
      "destination": "wwwroot/lib/jquery-validation-unobtrusive",
      "files": [ "jquery.validate.unobtrusive.min.js" ]
    }
  ]
}